<?xml version="1.0" encoding="UTF-8"?>
<metadata xml:lang="en"><Esri><CreaDate>20190409</CreaDate><CreaTime>23083000</CreaTime><ArcGISFormat>1.0</ArcGISFormat><SyncOnce>FALSE</SyncOnce><DataProperties><itemProps><itemName Sync="TRUE">grdn40w078_1</itemName><itemLocation><linkage Sync="TRUE">file://\\igskrdcnfsmdfs1\Elevation\LEV8\PRD\Export\1\ArcGrid\USGS_NED_1_n40w078_ArcGrid\grdn40w078_1</linkage><protocol Sync="TRUE">Local Area Network</protocol></itemLocation><imsContentType Sync="TRUE">002</imsContentType><nativeExtBox><westBL Sync="TRUE">-78.001667</westBL><eastBL Sync="TRUE">-76.998333</eastBL><southBL Sync="TRUE">38.998333</southBL><northBL Sync="TRUE">40.001667</northBL><exTypeCode Sync="TRUE">1</exTypeCode></nativeExtBox></itemProps><coordRef><type Sync="TRUE">Geographic</type><geogcsn Sync="TRUE">GCS_North_American_1983</geogcsn><csUnits Sync="TRUE">Angular Unit: Degree (0.017453)</csUnits><peXml Sync="TRUE">&lt;GeographicCoordinateSystem xsi:type='typens:GeographicCoordinateSystem' xmlns:xsi='http://www.w3.org/2001/XMLSchema-instance' xmlns:xs='http://www.w3.org/2001/XMLSchema' xmlns:typens='http://www.esri.com/schemas/ArcGIS/10.5'&gt;&lt;WKT&gt;GEOGCS[&amp;quot;GCS_North_American_1983&amp;quot;,DATUM[&amp;quot;D_North_American_1983&amp;quot;,SPHEROID[&amp;quot;GRS_1980&amp;quot;,6378137.0,298.257222101]],PRIMEM[&amp;quot;Greenwich&amp;quot;,0.0],UNIT[&amp;quot;Degree&amp;quot;,0.0174532925199433],AUTHORITY[&amp;quot;EPSG&amp;quot;,4269]]&lt;/WKT&gt;&lt;XOrigin&gt;-400&lt;/XOrigin&gt;&lt;YOrigin&gt;-400&lt;/YOrigin&gt;&lt;XYScale&gt;11258999068426.238&lt;/XYScale&gt;&lt;ZOrigin&gt;-100000&lt;/ZOrigin&gt;&lt;ZScale&gt;10000&lt;/ZScale&gt;&lt;MOrigin&gt;-100000&lt;/MOrigin&gt;&lt;MScale&gt;10000&lt;/MScale&gt;&lt;XYTolerance&gt;8.9831528411952133e-009&lt;/XYTolerance&gt;&lt;ZTolerance&gt;0.001&lt;/ZTolerance&gt;&lt;MTolerance&gt;0.001&lt;/MTolerance&gt;&lt;HighPrecision&gt;true&lt;/HighPrecision&gt;&lt;LeftLongitude&gt;-180&lt;/LeftLongitude&gt;&lt;WKID&gt;4269&lt;/WKID&gt;&lt;LatestWKID&gt;4269&lt;/LatestWKID&gt;&lt;/GeographicCoordinateSystem&gt;</peXml></coordRef><RasterProperties><General><PixelDepth Sync="TRUE">32</PixelDepth><HasColormap Sync="TRUE">FALSE</HasColormap><CompressionType Sync="TRUE">None</CompressionType><NumBands Sync="TRUE">1</NumBands><Format Sync="TRUE">GRID</Format><HasPyramids Sync="TRUE">FALSE</HasPyramids><SourceType Sync="TRUE">continuous</SourceType><PixelType Sync="TRUE">floating point</PixelType><NoDataValue Sync="TRUE">-9999</NoDataValue></General></RasterProperties><lineage><Process ToolSource="c:\arcgis\desktop10.5\ArcToolbox\Toolboxes\Data Management Tools.tbx\CopyRaster" Date="20190409" Time="230830">CopyRaster \\igskrdcnfsmdfs1\Elevation\LEV8\PRD\Export\1\IMG\USGS_NED_1_n40w078_IMG\USGS_NED_1_n40w078_IMG.img \\igskrdcnfsmdfs1\Elevation\LEV8\PRD\Export\1\ArcGrid\USGS_NED_1_n40w078_ArcGrid\grdn40w078_1 # # -9.999000e+003 NONE NONE # NONE NONE "Esri Grid" NONE</Process><Process ToolSource="c:\program files (x86)\arcgis\desktop10.6\ArcToolbox\Toolboxes\Data Management Tools.tbx\Mosaic" Date="20190620" Time="141045">Mosaic 'C:\Users\js4yd\OneDrive - University of Virginia\BES_Data\BES_Data\DEM\USGS_NED_1_n40w077_ArcGrid\grdn40w077_1' "C:\Users\js4yd\OneDrive - University of Virginia\BES_Data\BES_Data\DEM\USGS_NED_1_n40w078_ArcGrid\grdn40w078_1" LAST FIRST # -3.40282346639E+38 NONE 0 NONE</Process><Process ToolSource="c:\program files (x86)\arcgis\desktop10.6\ArcToolbox\Toolboxes\Data Management Tools.tbx\Mosaic" Date="20190620" Time="141132">Mosaic 'C:\Users\js4yd\OneDrive - University of Virginia\BES_Data\BES_Data\DEM\USGS_NED_1_n40w077_ArcGrid\grdn40w077_1';'C:\Users\js4yd\OneDrive - University of Virginia\BES_Data\BES_Data\DEM\USGS_NED_1_n40w078_ArcGrid\grdn40w078_1' "C:\Users\js4yd\OneDrive - University of Virginia\BES_Data\BES_Data\DEM\USGS_NED_1_n40w078_ArcGrid\grdn40w078_1" LAST FIRST # -3.40282346639E+38 NONE 0 NONE</Process><Process ToolSource="c:\program files (x86)\arcgis\desktop10.6\ArcToolbox\Toolboxes\Data Management Tools.tbx\Mosaic" Date="20190620" Time="141612">Mosaic 'C:\Users\js4yd\OneDrive - University of Virginia\BES_Data\BES_Data\DEM\USGS_NED_1_n40w077_ArcGrid\grdn40w077_1';'C:\Users\js4yd\OneDrive - University of Virginia\BES_Data\BES_Data\DEM\USGS_NED_1_n40w078_ArcGrid\grdn40w078_1' "C:\Users\js4yd\OneDrive - University of Virginia\BES_Data\BES_Data\DEM\USGS_NED_1_n40w078_ArcGrid\grdn40w078_1" LAST FIRST # -3.40282346639E+38 NONE 0 NONE</Process></lineage></DataProperties><SyncDate>20190409</SyncDate><SyncTime>23083000</SyncTime><ModDate>20190409</ModDate><ModTime>23083000</ModTime></Esri><dataIdInfo><envirDesc Sync="TRUE"> Version 6.2 (Build 9200) ; Esri ArcGIS 10.5.1.7333</envirDesc><dataLang><languageCode value="eng" Sync="TRUE"></languageCode><countryCode value="USA" Sync="TRUE"></countryCode></dataLang><idCitation><resTitle Sync="TRUE">grdn40w078_1</resTitle><presForm><PresFormCd value="005" Sync="TRUE"></PresFormCd></presForm></idCitation><spatRpType><SpatRepTypCd value="002" Sync="TRUE"></SpatRepTypCd></spatRpType><dataExt><geoEle><GeoBndBox esriExtentType="search"><exTypeCode Sync="TRUE">1</exTypeCode><westBL Sync="TRUE">-78.001667</westBL><eastBL Sync="TRUE">-76.998333</eastBL><northBL Sync="TRUE">40.001667</northBL><southBL Sync="TRUE">38.998333</southBL></GeoBndBox></geoEle></dataExt></dataIdInfo><mdLang><languageCode value="eng" Sync="TRUE"></languageCode><countryCode value="USA" Sync="TRUE"></countryCode></mdLang><mdChar><CharSetCd value="004" Sync="TRUE"></CharSetCd></mdChar><distInfo><distFormat><formatName Sync="TRUE">Raster Dataset</formatName></distFormat></distInfo><mdHrLv><ScopeCd value="005" Sync="TRUE"></ScopeCd></mdHrLv><mdHrLvName Sync="TRUE">dataset</mdHrLvName><refSysInfo><RefSystem><refSysID><identCode code="4269" Sync="TRUE"></identCode><idCodeSpace Sync="TRUE">EPSG</idCodeSpace><idVersion Sync="TRUE">6.12(3.0.1)</idVersion></refSysID></RefSystem></refSysInfo><spatRepInfo><Georect><cellGeo><CellGeoCd Sync="TRUE" value="002"></CellGeoCd></cellGeo><numDims Sync="TRUE">2</numDims><tranParaAv Sync="TRUE">1</tranParaAv><chkPtAv Sync="TRUE">0</chkPtAv><cornerPts><pos Sync="TRUE">-78.001667 38.998333</pos></cornerPts><cornerPts><pos Sync="TRUE">-78.001667 40.001667</pos></cornerPts><cornerPts><pos Sync="TRUE">-76.998333 40.001667</pos></cornerPts><cornerPts><pos Sync="TRUE">-76.998333 38.998333</pos></cornerPts><centerPt><pos Sync="TRUE">-77.500000 39.500000</pos></centerPt><axisDimension type="002"><dimSize Sync="TRUE">3612</dimSize><dimResol><value Sync="TRUE" uom="deg">0.000278</value></dimResol></axisDimension><axisDimension type="001"><dimSize Sync="TRUE">3612</dimSize><dimResol><value Sync="TRUE" uom="deg">0.000278</value></dimResol></axisDimension><ptInPixel><PixOrientCd Sync="TRUE" value="001"></PixOrientCd></ptInPixel></Georect></spatRepInfo><contInfo><ImgDesc><contentTyp><ContentTypCd Sync="TRUE" value="003"></ContentTypCd></contentTyp><covDim><Band><dimDescrp Sync="TRUE">grdn40w078_1</dimDescrp><maxVal Sync="TRUE">749.118958</maxVal><minVal Sync="TRUE">-16.099766</minVal><bitsPerVal Sync="TRUE">32</bitsPerVal><valUnit><UOM type="length"></UOM></valUnit></Band></covDim></ImgDesc></contInfo><mdDateSt Sync="TRUE">20190409</mdDateSt></metadata>
